,ZCB_EUR_5Y_0,ZCB_USD_5Y_0,ZCB_EUR_4Y_1,ZCB_USD_4Y_1
0,0.9046234128748379,0.8294081241634763,0.9317470795934732,0.8853771343097475
